A,B,C
-0.12275233867916982,1.514009739788849,3.399884469639419
-0.3001809670888412,-0.08305592814406974,0.6112152162033003
0.0284205802408319,-0.23242966842880136,-0.8530700319344019
0.2566298297762077,-0.6082531374705752,0.69223070346385
-1.7547770385291617,0.5602919195950143,-1.668155138636099
0.5774012452033037,2.6548899496436,1.0352482344994696
-0.3181391597958872,0.4856522679293169,-2.0908856844253765
0.8649568022188461,1.1547693907581735,0.8555173674411553
-1.212911546035005,-1.727786785489401,-1.2643149849342143
0.7625132934918694,0.2564080204624657,-0.6544479673194451
0.45733692464438,-1.1309731454820786,-0.9214369209205514
1.088656572015865,-0.3116850882175973,0.2314098576325111
-1.597736877655567,0.7529330602801991,0.48091904952592723
-0.3431755363193367,1.8529523762446722,0.48750775591812445
-0.07843049825510985,-0.2495695082147211,-0.27960502721000274
-0.676373472328158,-0.11094405862170907,-0.08330819835399932
2.1563163384239394,-1.2744330978754204,0.9629596753196178
0.8441645714733458,-0.8438370823777239,-0.31699235893851374
0.9150211618711944,-0.4888689844916224,1.3504651762474238
-1.4220902470173984,1.0119069797089746,-1.2239625710513853
0.5594829881144834,1.0570667933542235,-0.20374823458668995
-0.6375346799430471,-0.6688414686448713,1.0797071376945644
0.5793778425654915,-0.5064333309125875,-1.6937254479882895
-0.9381796421519647,2.4748487785319813,0.17213301030801814
-0.40792633304617276,1.3910259838944812,-1.029208399265556
-0.38257840248023567,-1.534519388584693,1.164735877397086
1.1157441064351783,1.0590715732652,-0.4281926961301649
0.02777206228498927,0.30158531501366936,-1.580316116576698
0.32694948205155816,2.0668687257247558,0.9183542376414184
0.2136227692616946,0.2222031647548658,-0.35116765243062315
-1.0658526221640796,-0.3346575971349525,1.8980473544741654
0.24612049145347825,-0.30671049786993004,0.4337693998939885
-0.066564481716213,0.1456026449523693,-0.614287432378856
0.1066758194862265,-0.535965323777985,-0.527641063263165
0.37563643860772955,1.232865819292801,0.4850134963352347
0.7228518263256551,0.04641821553951838,-0.44594519967607216
1.1881984760903122,0.4334094578608735,0.009548031806526152
0.251859520563409,-0.5809003540591153,-0.2777709641211609
0.6396935838973764,1.088134415219159,-1.3563245614669888
1.826489436520515,-1.142662616347593,-0.23257891752874504
0.5270741681488065,-1.1972177053204216,0.8213136598209168
-0.6765457251590742,0.8799579963791558,0.3258760357940003
-0.3186294162364071,0.351538752322939,-1.1360720869732974
-1.8861670817397767,0.22236494064980664,-0.0022531838267433675
1.048667352394701,-1.1995652862551514,0.10673057659774529
-0.6272461140922219,-0.42353344196252796,-0.3820864672926924
-0.667397846838844,0.2930804359986645,-1.0159092106792844
0.22703859332186604,0.06838960019858832,0.7388156925916884
0.5462638599006965,-0.9285182043767048,0.6357951577508472
-1.1917548125223298,0.22711076372594857,0.724306574897874
-0.5716158112773101,0.5070101214135911,1.6766315506282679
-1.564839955556767,-0.7957623777843799,-0.36293686857960983
-0.17239063083017458,1.3972696256532937,0.294357654136564
2.13345499305803,0.8371973543021135,1.2612595551717136
0.09194915591023639,1.8922373421160446,1.07694892569571
-0.20342509899235955,0.7822560502694815,1.3990106111461094
-0.28613102947590496,-0.21974673142251608,0.010040649497063996
-1.1677943043247703,0.9644938549622849,2.090953164588821
-0.04292373184316362,0.5126008822943299,-0.31043368637710694
-1.3096030509113694,-0.8338783184076052,-0.2510639338894987
-1.2207620584740349,-0.48285991173677223,-0.668766023087758
-0.1600221926007671,0.4300686238487745,0.518921344863185
-1.3876177176740778,0.36223490608947523,-1.2386743954205164
0.01958024808854854,0.4227665704566572,-0.953334104245115
0.3338869018970285,-0.21552650446529928,-1.979796885505563
-0.6399823030459112,0.20093631353968075,0.23228630763090002
-0.8502937113009083,1.249190197624009,-0.031483106485024094
-0.1474741758145662,0.6010380508396056,-0.20844011583956792
0.9614492441476256,0.8933788727897765,-0.6517942651681992
-1.1388211322510027,-1.3883720919641809,1.0179063300457307
-0.22591592745790318,0.20174432943357212,-2.061968351158811
1.6123398826216062,-0.5347481374587265,0.3318806710527185
-0.663028396854518,-1.100365629497902,-1.7279090893029654
-1.1217778410214507,1.2506517407232756,1.3665928239372016
0.42436592865525274,-0.5267838940578882,-0.5703359318570097
0.5136906068012038,-1.7917476234858987,0.11447712142274055
1.3326579720919207,2.04160654910709,-0.21703558113635635
-0.6399178470615005,-0.8374321477752434,0.13337044816653898
-1.7335315418281632,0.3196539327682897,-0.7271857250915249
1.3671530100213614,-1.1444399991493417,-1.014859953522634
0.5447958135294781,-0.2538686027032513,1.1431053171882222
0.1418614815930007,-0.6795148913396655,-1.0493566527639306
0.8994412599267861,-0.036684454181923884,-0.7283446186735241
1.3110411681085945,-0.7037077479422482,-0.5652320444057558
0.26185945048111475,-0.26494151795510607,-1.2761067711673122
-0.08009832019906685,1.473130832310075,0.4362146954854506
0.09914120066888393,-1.7922450664117757,0.8512171840391877
-1.4413846534151458,-0.21537714846057854,0.0910824148406698
-1.4818196677437212,0.14842479335347394,-1.799352305503165
-0.5523273368964848,-1.239178267211896,-1.3679154737983688
-1.9821188500107743,-1.4553837456057632,0.11963010681687554
-1.1703093665777176,0.860405185016395,-1.1693610263760656
0.7627284942984186,-0.08821840029534078,-1.268093074250608
-1.2360040507328025,-0.23660463225823758,-1.0714083122286142
0.7427532283787021,-0.25832579923420657,-1.8112222676059435
0.41885150530394466,1.289660548207261,0.7445413598697899
-0.5404231673140402,-1.6365421628289436,-0.14288526190764853
0.0017394259417298993,1.7908574790789185,0.07499168903271469
1.107946987242411,1.0352170697615364,0.155557556016712
0.3379724962049657,0.26872714914943124,0.44894155157330734
0.8305694778921074,0.022454633458517954,-0.9355580109202041
0.039089930181005275,-1.0192434904255956,-1.3226978023015494
1.1702711939620787,-0.07687215222741145,0.6677235285265384
1.2891557449156559,-0.7899445411407582,-0.9523863686616806
0.4874757295645031,-0.9660458976876822,1.3002272993873547
0.730484264841799,1.148455694641287,-0.6900629991504615
1.4871252572536868,1.1101190637699943,0.7356692497392056
-1.174368208511914,1.1051443879183613,0.9066282674155212
0.07904724954161799,0.7598550915668735,1.2154590705542458
-0.0765814974422003,0.30591938289363646,-1.3923352512639493
0.9906942509927081,-0.18677944115510267,0.3878980965641811
0.85238996748045,0.09100017156516145,-1.5685695374057542
-1.0019507653869724,-0.8741447090836468,0.6355868558556171
-0.29600888174742973,1.269638069846645,-0.7880266772525651
0.924908564543294,3.11905620939129,-0.541553653002542
-0.06189948494586931,-2.6591075162932496,-0.1360305584623808
0.19825788967691313,-0.5140708759120314,-0.8283961015074022
0.675369495063027,-0.3356318390780123,-0.12377039619935463
0.42687802773224004,-1.4571328053186716,-0.803085764648292
-1.0852550031368828,-0.1651111041236082,1.55797771384358
1.4401107910994335,0.5022670410214986,1.54634049923359
0.09846240596611495,-0.19974203316854292,-1.8920455837252206
0.19596082126655548,-0.06795243656843414,-0.5653556496345172
1.4382421074778573,0.9647832639298651,-0.35509837685953266
-0.5471544448891117,-0.40666786594470405,0.7739995447655819
1.1669732583301233,-0.12180724947694231,0.3514139760250665
1.5666506923337982,-0.49261025804725805,-0.7502497450944599
-0.3799669429733906,0.8047018696781243,0.5640775088431446
0.011044768525706626,0.7580381743868088,2.3217395807902164
0.6778748448776755,-0.3090651725331093,0.7005998506680843
0.40432503115296425,-0.2238891837442052,0.22273614777653838
0.552103857947915,-1.802072523032446,-1.0194308017165927
-0.8063287905078765,-0.0665186228589049,0.857819790378
-1.2648736422360447,0.9537368378221814,-0.06334155553952116
-0.31145053800465716,-0.7074765673222847,-1.3356867288911503
-0.22792561869116723,-0.3835638750819465,-0.31052298594548294
0.08244419997378095,-0.7731236952986877,2.2759445618206118
1.318357946989109,-1.6992700960279963,-0.7558298625037266
1.0882293166785184,-1.233215817882696,-0.949011807508439
1.8420594121150726,-0.1408638293372402,-0.5988728126587701
-0.6129622412900223,-0.970881176135727,0.5007779821197827
0.5912841927674521,0.09141107407832276,0.3726105704043897
0.5699405485152933,-0.43137052325904146,1.2175539076210617
-0.8141207196113901,-0.4108625843028747,1.4000070454650027
1.7298082489127613,-0.42408007027813893,-1.4117245766944848
1.2366520343042628,1.0587271792881545,1.6694625379924861
0.5158333596452436,-0.7552520104962654,-1.74152914476523
1.1481770373784594,0.07088670165207693,0.4017714242100637
-0.7670983875655035,-0.21279248239560286,0.7310872552492662
-0.3560151738647225,0.07971478504438782,0.6963942718622883
-1.544455932497924,0.4658235498733934,0.433360870328849
0.8678953597482374,1.8802108625454146,0.33061717907142374
-1.1193324467071928,1.0798956756745168,1.0154917581133092
0.8778928748564054,0.7263801045497249,0.013679522470131928
-0.34937683948837644,-1.279131376849353,1.2302528632090035
0.13124923264392063,-0.13646199972547474,-0.6348033102037095
-0.9092930542444642,-0.06762898434676706,-1.3340092157100574
-0.2558232006819684,1.452309635074864,1.408363431395744
0.32419970984108903,2.2549975844537795,1.5638283248291232
0.8719677542776061,1.646999028927596,0.4954410956417072
-0.2890284641537708,0.8868448247545542,-0.09140171368970326
-0.230073561364757,1.0534338059543051,0.3296708347527898
-0.7875660296663513,-0.6599191683730818,0.9477046658235642
-0.34173877431159305,-0.5124903000570609,0.9859698184634449
0.0670261352550508,-1.0862558963219238,-0.0591739546937379
-1.6391089034200899,-1.3784840129231886,0.8309090632185054
0.5213929768747069,1.4473767093626488,0.5603429226392831
0.3102633489222898,-0.5551361341440806,0.8389900407220474
0.04788198591618239,0.3081742187200331,-0.09743581944152199
1.9753630344086008,1.7063807464427156,-0.7291772925920791
0.252588371542268,0.09405677250372615,1.1338491927053826
-0.1495241244584113,-1.85468339889261,-0.49959936677592054
-0.2716432497248003,0.22105361764407347,1.2850712485292712
-0.8119925178223067,0.8451889232699501,-0.48238291931568056
-1.4337280631051426,0.41405458663461087,-0.691067929866775
0.8465973951318246,-0.7339813226924432,1.8299113574976684
-0.024759924000471067,-0.3921027565543563,1.8528144795366501
0.5846332045364644,-0.6497173328334993,0.7896957907566436
-0.3801467956635458,-2.0347557500503446,-0.38755677816541734
-0.08784161343159878,0.518459680227126,1.196219208972512
-1.0482013670867183,-0.9726414588345854,0.7523543019796612
-0.1321887030521968,-1.0227655279354966,1.993815705745306
-1.6975711218587577,0.3202752756742169,1.741534703415636
2.11796379379525,0.7979059932948501,0.330356027733871
-0.7776026417108314,-0.013002537065957706,-0.3250833980748939
0.33221437292937783,0.3509519093245259,2.6721870882874614
-2.1814646346756064,-0.676577442118457,0.5693985725442295
0.48127970017979804,0.07940053351558525,-0.009924716397215224
0.19865447963110922,-0.15621101871207352,-0.7944927747866192
-0.6214929529925827,1.6213145938562787,0.15825803126529225
-0.5023293190016609,0.9042734167133559,1.1197989468134768
-0.7836972963021408,0.04434926337459353,0.612243063803798
0.16643334610033836,0.2946432587854892,0.2946272109805222
-0.5562532917741199,1.5259592792619274,0.7224336852826273
-0.1801542845425276,-0.3619755545864454,-0.5707434676864367
-1.2920926245078501,1.107450888412861,1.5361527207115966
-0.2246643450684101,0.16804955029834048,1.0718822552168283
-0.3996915870530202,0.6350951773392142,-0.18026861309476225
0.40003455768925217,0.6996283707393555,0.24465778669036503
0.7265242939198391,-0.10532722307230379,-0.8719940271757547
0.6804564107513349,-1.7388364345440008,-1.2608343683034309
-0.004122230113480183,-0.5900477274601931,-1.4313700034891605
0.5022593604492986,0.8599965088197028,-0.31319481060041543
-2.1751859662323674,0.7229292049234853,-1.1396727024642237
-0.9431807186258433,-0.22695247022976053,0.7428717006984485
0.641879124385264,-2.1843753294986454,0.2557605554779774
-0.9734306123010649,-0.18873940084233914,0.17620376346728708
2.1698677043828667,0.4273477690629006,-0.752273545671012
1.1330408943345107,0.3684936879513485,0.724027633699356
-0.05056284746224869,0.87776395855255,0.9895643016375415
0.5668609723567526,-0.9683944138667481,0.35131441168836397
0.2664810650768904,-0.14540791088055735,1.4258769398810764
2.765214627795439,-1.5493875132389443,-1.464108651982514
0.5924906990762777,-0.3058892667834476,0.4315975002688218
-0.38726462895481695,-0.852653993683675,-0.5027495614558426
0.5023845204024229,0.37319565919696146,-0.018789638766855306
-0.3797915137699714,1.3238327375272039,-0.2681678679968651
1.1638082152678855,0.42777251683917117,-0.14171625707301055
0.33896240670307304,0.26530994816291015,-1.5468011442169936
0.4160931027309197,-0.525609015813047,0.4829833388464729
0.9364729665028334,0.1621041772928038,0.08197636251530853
-2.156527953206344,-0.770771480742025,0.47949382298718474
0.7805266209613023,-1.4972900784184857,0.9437139699091258
0.09366972418147008,1.6689500148689809,-1.3519713609627972
0.20987818615746992,1.2482144713650067,0.24564878232959422
-1.4678369872659545,0.46028639736284854,-0.16485537280168505
-0.22950382388628807,-0.04974322381620461,0.791411943329837
-1.0414929607978238,1.1811358283477655,-0.42965890076696994
-0.24174583172506914,-1.4875227477949025,0.15984285543148916
0.18265708050182183,-2.3861634447108013,-2.3270612549668113
-1.762074565622924,-0.4500802580006076,-1.1881816638057172
0.4107711609978123,-0.3298157069781958,-0.7472289677748061
-2.325183083948267,-0.9715052315725398,-0.21564185527148655
-0.9642159671841846,-0.4697978646552189,0.36224632913561555
-1.0801670669179921,0.11305832670900802,-1.5080788239630039
-1.682707903548405,-0.3913981876305136,0.23858499940077707
-1.079069056286427,0.529601221536679,-0.6794545973925441
1.0844839598252045,-0.629772953045712,0.0895551061484806
0.26325855033506135,-0.582850358148647,0.9373423326181624
0.03025224655128617,-2.7021660888346055,1.484002631682315
0.038309013221734196,-0.012897461595673076,-0.8079529963803292
1.2579398092577962,-1.1151441557716666,-0.02956524116535928
1.1857719109997782,-0.34166459018474166,0.7160816322012453
0.7404444335042222,-0.6795352771565133,1.923926290512657
0.5519653941367468,-1.097605135373618,1.9837602554786622
-0.37614039921006615,-0.49794627869241653,-0.8834132999795257
-0.014000253282979661,0.16526947392934788,-0.04157021818622083
-1.4340849244653906,-0.46948908722640537,0.6333028465488186
1.038922812999927,-1.3406534989877872,0.6392095537234898
-1.9961305140907002,-1.4184913135730857,1.2132529905778289
-0.3469758299676464,-0.12725003343257987,0.39902742087796744
-0.35476916716102724,-1.9040327435756712,1.3148412052265146
0.036572094390801904,0.5239894546480637,0.4803254482165433
0.24625568674074208,2.501234955401952,-0.529991912750341
0.7532113349800437,1.5083794380305333,0.4129843435298755
-0.8664143089735905,2.665357853173258,0.10178617577736057
1.0285844764840397,-0.3757798996798268,-0.6924844718592209
-0.4957752912527485,-0.4351465169780039,-1.4500391490364624
0.38380746161864593,-0.11365955024499431,3.1227577341180384
1.0504176415156625,0.6544503580499813,0.7888971802331882
0.0998035272361077,0.9312723727880093,-0.7487849597167211
-1.7784332431481393,-0.753932767332905,-0.5369579436931949
2.25965113101375,0.27737906240557975,0.7095585887942703
-0.02841998074012017,-0.04822091351302991,-0.36200799451666793
0.40127985999550075,1.4762787459998201,-0.40235146298689145
-1.130808608682369,-0.7025190682070551,0.40937910386011245
-0.5733231372069978,0.9037875789018519,0.2719741144694726
-0.6427896268321194,-1.8232308998287057,0.5624546540324945
0.4952152266397909,-0.9029050964159575,1.9524819535317977
-0.3844114667719946,-2.025320466729117,-0.28634892573963283
-0.568720982343652,-0.731228490793209,-0.03999950494865285
0.7179553234826878,-1.7631821245708992,1.21336950362537
-0.20088093314125255,0.6818539778919748,0.1675063244575493
0.8087383658922916,-0.2745057225429853,-1.0405617311605404
-0.7025708113786124,1.5156182968938374,0.22393410560087526
0.5209424687466709,0.3720177367336018,0.9031471203661244
-0.2788386532872188,-1.1403589663906626,0.4395230711628344
0.2026871104245815,-1.7055602797633884,0.3928752168144664
-0.3895677964134291,1.3106408067959467,0.31352548527645235
0.10581033450563584,0.710558370573836,-1.3021273588091762
2.42325812869593,0.9766177778901658,0.8019829804682014
-0.05540070448612568,-0.9520524474184453,-0.611818194080124
-0.3413345346671054,-1.1489132945896083,-0.3985431131519532
0.2276746366224915,-1.2610823718466342,-2.058071321392388
-0.8160687976887853,1.395751012331959,1.0093981553611229
-0.11365776845654135,-0.8260121170098021,0.5042853743916856
-1.8664344717623313,-1.9386810757512698,-0.06824499520266122
1.2174157509763532,0.28499648501241054,0.14306483735902795
-1.3831703692166837,1.5614139605676272,0.4519093941530131
-1.7507285331654934,-0.11879663656326434,0.7076208839222728
0.10607907053939161,-1.6246468804880718,0.00994528897775648
0.6390562198379179,0.40187488031883284,0.7659507370901033
1.6826731248491427,-1.5241198058364374,0.606586231250242
0.9497904746559719,0.26117745557231153,1.0468745353792945
-1.0065181101552787,1.1233532450180743,-0.5893742619437992
0.1374818809426719,1.1148877832789224,-3.8170036153478426
-1.6913099124392312,1.2899840221043075,-1.7734223440869905
0.03589666531198054,-1.1724397091432277,1.8518257178315534
0.48404714707843116,-1.3399723105995267,0.8188715506944962
0.927976159417565,1.139790035108446,-0.7602852201383168
0.1543986666701282,0.25331090500696335,0.6331305943963431
0.30831166041219665,-1.7070822085481034,0.1495598192082203
0.13190225809004852,0.13053182680425893,-0.5780667064257036
1.518190589898425,1.6864875832300916,1.5413102808839205
0.35682779418457977,0.21658011315868456,1.0730499323176736
-0.9230342254407682,-1.3990403432983636,-0.052740415481429576
-0.20325728425768555,-1.0174086898851835,0.8060529905990462
-0.6289135998469234,-1.4017080218758091,-0.40079668449247946
0.42603530564633496,-0.7705273275308803,-0.6677620047625087
0.1127902464766558,-1.7023172254317396,-0.23591753681250538
0.00947877936952357,0.4063195476634403,0.939262236689183
-0.6982373738197715,-0.4858504990725699,0.8688472968852824
-1.034738878722373,-0.7606242729646955,-0.02969060826541696
0.8612825468346579,-1.143170241260428,1.8128687001792365
-0.06777751850272735,0.22953065269526687,-0.05513676608077316
-0.308027305984923,-0.39503067603266506,-0.3596063378522687
-1.0789887115282597,0.46104228875313624,0.09424689481788538
-1.4901550432430868,0.8624439779550961,-0.373171870522995
-1.5743193493486045,-0.177523058874302,-0.1258190708940106
-2.3854332862422396,-1.9274380995503821,2.193735651532446
0.5802586049473222,-0.7424041540251197,0.49255350147478844
-1.2938034465906962,-0.31363634647441924,-1.0983005358222617
-1.55964579824927,-1.1779730556554335,1.6932275151551837
0.7630087506903566,-0.9170119299752311,0.5043787984471222
-0.8718538287826173,-0.849079599777379,0.5171462932537317
-1.463540096198654,-0.8631812875831364,0.35142760160491454
-1.1342959108315518,-1.418253075524257,0.5740475509947449
0.058402755059221705,0.15018793084295168,-1.4752389787966325
1.5875922439205303,0.15499773409289538,0.43511939574268255
0.6679115163213427,-0.15614604280401992,-1.2232725081847702
-1.2155344393447503,-0.6671628959782924,-1.6557052767837146
-0.4495295925498852,-0.14637999733335338,-0.2612586844547843
-1.5643849931511442,-0.07515218876478255,-0.2318984721681838
-1.5658582371191534,-0.7924746472440071,-0.5464109321678366
-0.4370708146822154,0.9390029378858663,0.31467946579528183
-0.4458751070567748,-0.47558783916402886,0.3056592119106102
-0.7923995347571403,-1.2866695961008272,0.24735894876691653
1.9170768030940013,0.4751445915366523,0.85134123051655
-1.1481296577716151,-0.3798967023907836,0.7317674066521052
-0.03290883345026703,-0.9358294051262854,-0.5398127247050349
-1.9053304213457578,-0.33073473933408765,-1.3139143195258738
0.14898014105930993,-0.6282470227118326,0.5929866757815484
-0.2575050146678033,-1.7822544351004546,-1.0451285293388246
-0.8334327041850462,-1.0541157061748068,0.5484536105445739
0.6576639031975429,0.8846705546889259,0.07698359506844643
-0.7812593313848071,0.5587910686284935,1.9612289504801446
0.7575555117665645,1.174387805446917,0.18568602491135944
-0.9723639829614836,-1.3769494562224587,-0.6850343120592942
1.6589214139284285,-1.0384001382448373,-1.1020325887529479
-1.422721761343215,-0.5783424815040404,1.4328965936114866
-0.39496673282468225,-0.8503735259175013,2.04014897534617
1.2917687814215568,0.8954686319415323,-1.1265984805122948
0.3171165983669833,0.7843777567288248,-0.6522565791257688
0.3002010682226151,0.42424331905608087,-1.2958627650409775
0.7094534295772087,1.7687962570685982,-1.450820181513657
-0.9343499113653991,2.7285995759879005,-0.3238648928476578
1.0346093843474478,1.9174713148461036,0.4988724154882304
0.622671877348985,-0.06311784588277798,-0.2708011344954055
0.2802713366058042,1.595970785631404,-0.5401917948331354
0.9025612829971287,-0.07766276979810309,0.5035754499238956
0.5601442073221509,-2.009144529696191,1.170958390614461
-0.6103116800931686,-0.6967605558387897,-1.0494960622813911
0.7505446498619864,-0.5029719540407469,-1.8375031170329414
0.4261476864880485,0.411272078151067,-0.676559954564142
0.7654459106833882,1.6277988011159246,0.2840850423449262
-1.0979376562863807,1.186988922861659,0.17908395949187056
-0.41589356002390854,-0.11950211705732064,-0.027677061744994805
0.5667518832689888,0.23547823976379115,0.6431998556887492
-0.7160517310599156,-0.4873714291731266,-0.37723470675847404
-1.1272532384830636,1.8238581841109676,2.2162397902583213
-1.600871223436107,1.8969383064822374,-0.23776662597672205
-0.1669307991787346,-0.5471063341161518,0.2626953014717133
1.811726594628527,-1.0802077631429843,-0.6665736953836131
0.24688855902597576,0.08678366452317723,1.1529197903615716
0.7706223347157946,-1.6022163301957304,-0.4571485627776119
0.5637472453694281,0.4894800278983406,-1.1910988256085222
-0.22209210041954064,-0.83037208463301,1.3629752157491513
-0.5719019227018074,0.5360504092162339,0.35071750407375407
0.31483784377629026,2.70350165223537,0.126667592644645
-0.4115916720329881,-0.04286381997863523,0.6430410063980081
-1.008787210255329,0.3369013641835176,-0.7554001450205241
0.20369351702469227,0.7091387368477123,0.3448340041774667
-0.9902635141760466,-0.7485233420684595,1.6808112252310126
-0.11374536516534797,0.22734194074433195,1.3976549337183473
-0.004080320003574899,-0.12613862272804147,0.9479049394818754
-0.739461985581223,1.498983789977454,-1.334940021112517
-2.5714131748938267,0.49947894989479547,1.3439876148330927
-0.3819417805793791,-1.19316064318107,1.1801446928745438
1.287455916963718,-0.020732402580560014,0.211449657939949
0.5892661939639848,0.8586300000111609,0.2903916169186704
-0.7441396332481527,1.0137242119757364,-0.1968659868018209
0.015149604795558685,1.489968155560251,0.4654931262152746
-0.38512145233863304,1.693037038091544,0.7926537016946738
-0.7655886068804484,0.11745925345397504,0.8298456753747484
-0.9514486927597571,0.1068309710564339,0.3058424559207
-0.35781075282073943,0.6130065131282827,-0.5030911704005024
0.25418227407200117,-0.5307057445887069,1.4581288095301936
0.6135209456848917,-0.7310208133837315,0.022583195396037897
1.4397999398659778,0.8366909272907744,0.6385744275199073
-0.586616612410656,1.230448967812725,0.8041473745351653
1.5647679867365814,0.3260313605265539,-0.1919644291545288
-0.18898776656342386,-0.5087431523507187,-0.6015676232400806
1.5483562620148021,1.8392364541307071,-0.619483075757188
-0.28382770128891716,0.5468042896762948,1.4698853435178783
-0.1627063140992717,0.856685920364228,-0.599351301791383
1.013677759129023,1.5537719586638228,0.19487754392533296
0.35153709668284827,0.03300960638553314,2.116137991478457
0.19251354526036535,-0.880552848292114,0.19125246462074713
0.6010895786949247,-0.12763277737071863,0.7828660940501843
1.0842701885694177,-0.44356721606466964,0.6092617233820672
-0.20863881437641352,-0.6898701091179164,1.175227455971124
0.4839677836789657,1.8389656485311943,0.9899916115351678
-1.9776671047401648,-0.20447407042185728,-3.0088641758017887
1.5148275865567737,1.1504196833606075,0.2321239625288816
0.1218413361716562,-0.18716572458565978,-1.3996866630265066
-0.7020050163939996,0.2604135374329303,-2.1489571570516692
-0.034986674175358765,0.3329625617696813,-1.4794009854919339
1.328048987618473,0.7709537071857011,-1.4840823623039912
2.116364556901522,0.7748206547349364,1.9793253874090329
2.290330142445127,0.9465695498444578,1.508157484183581
0.0780978039346323,-0.9397746035798,1.4795282440169932
0.2320381166846674,0.28529538280374794,-0.4074776773943467
-0.05792117211398073,0.33185192189565677,1.8848993651105113
2.484153192974487,1.0912866937804018,0.9489130253097411
-0.5691091156162057,-0.49430967113182833,-1.1658285562213542
0.892824305593094,-0.5215083216157171,-1.95287069011042
-0.684335527542174,0.08206942360191995,0.39386884034014064
-0.24263540177756976,-0.5069238737909669,-0.8885444649146371
-0.3654706119759279,-0.3787157829007361,0.3913214161114358
-0.5549122125315749,-0.11861351213053715,0.7130395766515997
-0.31037379748138555,1.8359158692627775,0.3438906685973609
0.6925764574990483,-0.6361302681219325,1.2062292111632384
1.8305471315407857,-0.5292051458801332,0.8756654935048062
1.3961601679740494,0.3170258124400614,-2.0932640611741675
0.4241295273466747,0.6515574839417297,1.3884527967012428
0.8112358272054674,0.05164400168345517,1.1141111741547085
-1.0949616224721563,0.29883160732140834,-0.8590553933772106
0.4100746191145982,0.1839571152916606,0.7348731750171412
0.4852891711341061,0.17963373015541503,-0.9396572597435666
0.2336705954929777,-1.1980669638698398,-0.9482581358161268
-0.6109502624942476,0.18840497927588049,0.017333049427580238
-1.2524712524457395,0.3509017929146389,-0.14042771137708673
-0.37313583999145167,-2.060815517482653,0.15751581581284185
1.0635949695157652,-0.7613524702117924,-0.8936441305895042
0.3052783609189349,-0.05650508368167286,-0.9256115420871576
2.8712112492743223,0.18944486661591603,0.26686675820023076
-2.825839015975653,-0.40564012505853836,-0.3899134389816839
0.8644991187789632,-0.5325717653141526,1.2939654511567027
-0.693916156856909,-0.3982432263732287,-0.6610205027423551
-0.6175460248890949,0.5788305938841929,0.6250434800671077
0.48464719621604935,-0.5668115506876964,0.3368208401787019
0.4638108331044032,1.1029109077854133,1.8978492791687025
-0.2616380588385471,0.9472111718967663,-1.570218366821362
0.435991990703218,0.21342798910298066,-1.161973820108691
0.35835073911971466,-0.03298873496019025,-0.023362686795319613
0.41664681941481285,0.29662033203894367,1.9380090426568943
-0.7953501054787641,-1.992201717835745,1.1334540325326643
-0.8134285248270463,1.4505247522050928,0.9002538759535883
0.5152853820843946,1.730343280891066,-0.9724300117899536
2.347551039588046,0.05651860135334696,-0.1402554992045765
-0.4931090490591285,0.5919805029127815,-0.1820114676867511
0.8393354861018527,-0.8283060587286613,-0.9881549269219064
-1.1253417502806613,0.8024830479936053,0.4242896746418132
1.1519218987793591,-0.9207346859760132,1.4166060163589638
0.8756638883129403,1.2304952270947263,-0.33611271365766987
-0.22898224167408987,-0.19074247524030613,2.2189108705597236
-1.4181402617296426,-0.24071749928265432,0.9544388397324209
-0.40613125957484,1.5185236428580056,1.5099455101630106
1.374402396196846,1.0622357024893678,0.6282927062095842
-1.0759155125825997,1.0098821399208588,-1.5440357459424714
-0.8891916145245786,-0.08053148635054001,-0.8167720879836149
-0.5757560693796703,1.0252334143211266,1.041801760168034
-0.6905008348753244,-0.565159521445484,0.4170098767359756
0.06849437566617653,-0.36681429354503575,-1.3493208833381118
-1.5435143918626915,-0.8187914241180224,0.7604254536455323
0.17946988664452546,0.3203742595402845,-2.5732454019135034
1.6939289126648187,0.3645094385571849,0.12894384701787856
-0.5056287750279521,0.24907389541298874,0.1704885207715161
-1.2229282199447549,-0.16047162926826725,-0.9921504630240364
0.7077661259454264,0.9395195671152717,-0.21294546717287022
1.2057713620839383,0.6972754679732543,-0.3259735915360608
-1.6653248825474887,0.2452110216985216,-2.226116175391199
1.3792660223272672,-1.1212251437871772,-0.9180071948883662
-0.1421216583213658,-0.23167521628348922,-0.2883740724632373
-0.5354598718694968,0.16068973871674128,-0.3219578816339213
1.006043752675769,0.9553966138660688,-0.7774336296137268
-1.3870098373980575,0.1064675786997618,-0.6534002300954219
-0.6061550909145511,-0.4654688629194777,-0.7794524191655652
-0.4131790544665242,-0.07089602617575656,-0.1733004910760788
0.40282396334265724,0.634280962582561,0.7034572106421452
-0.9383525645830916,-0.38953777252161204,0.811417362222394
-0.06636038705956046,1.0675653692921272,1.8068865374714407
0.5141539263106437,-0.7274173779581126,1.5285207428857177
-0.9748537388676214,0.5725430517211166,-0.47969640752072434
0.014805542968796123,-0.5606589196385602,0.8744688582635121
-0.20785810724782103,0.38043839597859314,0.2662193173450141
-0.5307697957790046,-1.4040420605568888,1.0255678826383325
-0.5435760467303956,-0.3971529897616071,0.29108427634493317
-0.405268242058015,0.3572707270311657,-0.6575931938149392
-0.5857818541745359,0.4139851781008802,1.26728463121079
0.4271247637013216,-1.4766462903812976,1.2423556021438484
1.1273054462951293,-1.8425402303835592,1.100635720022836
-0.3113101995275702,-0.23563953873750046,2.6745360464097123
0.3630043162794813,-1.8939804987519682,-0.8333939841848349
0.38333751681200995,0.5203848052158627,2.093475942429596
-1.0988755334367593,-0.26340473875201276,-0.299273317438521
0.6960963674013331,-1.64561595595218,0.20880316956239683
-0.5020444555168907,0.8114176092157449,-1.0161327460445964
-0.6941071990826444,-0.1176203601906635,-1.0343010645105286
-0.43166329760360556,0.4703700539928272,-0.8184231981203658
0.034311877449999036,-1.5284256498063156,0.7256762502021167
1.7446122347110171,0.2611022682668381,1.1681354253342862
-0.7377422184895198,1.926930657529371,0.5148506516349873
-0.9248241919868884,0.2998940325645955,0.2608613992809426
1.6153602436929195,-0.08439880143237916,-0.9082286142159695
0.505036377796275,-0.05173391891343813,0.29040628821274694
-0.37855673401083334,1.867242638105386,0.1424411267755249
0.17468372789829328,0.49199446126839497,-2.386532522379319
-1.179684990014844,-0.674948984797876,-0.7093832050342997
-1.643018109641158,0.49755530708101237,0.6671466232165871
-2.147043888403866,0.1279923483234376,1.834067141527314
-1.0668064263685033,1.6966983314087878,-0.8244945545568511
0.8913261637880641,0.11136348239815809,0.37376942632690413
0.141389543087073,-1.7872129280214966,0.43325841993373226
-0.6390970841923989,-0.9904568839751475,-1.4931412435681939
1.2874362305808427,1.109983177499897,-0.6937555190442707
1.4199079139173638,-1.1055849892232719,0.451776884643715
0.9007727242706017,-0.7014777247201489,-1.7703078004921187
-0.15988244851267122,0.5997901925915939,1.4500282409730574
0.4725794245371594,-0.1271075672145776,1.2209855827814136
-0.25260823757950246,-0.7259841059084186,0.5638103335762159
-1.557194786064466,-0.04866215184429386,-0.14704637298613626
0.34996015354412197,-0.6182449814058883,0.1622284877262929
0.9172518319858316,0.23143063920403148,0.9118860984714255
-2.0737828939505776,0.38683748231950293,-0.9291545247424873
-0.056596967610088394,1.7432746565154433,0.4732368429431152
-0.4076707175317778,-0.6072735196583222,0.3665560448336893
-0.693612052214822,-2.699694532639018,-1.874233160266875
0.24517007554152934,-1.6881386547046882,0.07709353795074925
0.31151974976479996,-1.1833522812318795,1.9244723112817828
1.100671561262482,0.4854842768218885,0.9891140539061928
0.12308535003048714,-1.1986247763901094,0.757181627732379
2.1768490119597277,-1.559260305797074,0.6124613386421349
0.4738636854006011,-0.04006545624356326,-0.31820782207858717
-0.8335989425190365,0.3325120404400338,1.3711246610654535
2.309871918110015,-1.2150446148221687,-0.7296660542070439
-0.31731045478604053,0.38858941913461065,0.16663191122299154
0.7202270824017862,0.14767424128392076,0.4193311596314259
-0.010998477406936314,1.0426932079607425,0.8404483241693128
0.8342311182910465,1.588741012039105,-0.9114394587770689
-0.743097517943582,-0.7480212501654129,-0.23868689954314887
-0.18821699582448437,0.41126422173502897,0.29368100476529013
0.5453842563645149,1.2045789660439752,1.6522293363214944
0.26235710423723063,1.034016698342482,0.7769269848917428
0.3768652804666946,1.3177056268809928,-0.5166020705644421
0.2853835173352564,0.010795101822313963,0.23417697399830759
-1.2640321397298353,0.6994967816363775,-0.27766450206930104
0.33475874987015225,-0.5392195869022546,-0.29807275287137985
0.4988184949107833,-0.22440224150229543,-0.2289811675927236
-0.2942862442961214,1.1416654806237783,-0.44837761635817475
-1.1541782586933487,1.4887992005562576,-0.7722273172587492
1.2437007266782814,0.3567512001196553,-0.541347632927536
0.4388582365216204,-0.5566689771272398,-2.475477896950153
1.897953749053263,-0.7324623178474663,-0.08140842570782271
1.361862501403279,0.8121573707112532,-2.251127912466709
0.09259423924273848,-0.24537524411446096,-1.107034743660439
0.6102374724778764,-0.8110387421702699,0.5089748973790962
0.19174274337439634,0.003816930512558933,-0.1401689190541517
-1.1988233705957982,0.2866265302626432,-0.915280946724787
-0.7819858367689466,-1.2859102886184246,-0.01759402644427686
2.395414753243762,0.018833669383789088,-0.5763105930386286
-1.7442630852410665,0.4413552615603588,-0.6863769654741807
-0.8406255549593948,-0.9323236176959888,-0.028878749835603408
-1.703647058933308,1.2574964158291808,0.9241992912629058
-0.4333739956715662,-1.318146974598636,-1.8995523908959204
1.1905434251677702,-0.43873241138272323,0.4543851899710324
-0.462527320566222,0.1238373763612508,-0.9876650466239741
0.153511267601042,0.834037410736963,-0.06989195637806594
0.2944999388043122,-0.08261403889500264,0.07277472683554753
0.9023010716548244,-2.6747311751329894,-0.2836603531582411
1.6119323259930736,1.1787083382046466,-0.26525789171299047
2.4928006854585623,-1.264984656609871,1.1212337662712961
-1.1015965006079984,-2.092899578772837,-0.7868665313994746
-0.33772509389693744,0.9953536931657776,-0.7324835519743383
0.8079315965005045,1.0532384970984954,-1.36552582731661
-0.7629936089454458,-0.7153364683142164,-0.9946148563617464
-0.1634313116757024,-1.8036706587257993,-0.4656034705666074
-0.5300555208382052,0.7087545889696993,-0.13812636421533359
0.5864285048750864,0.881264720707598,0.16381824421545044
-0.6820825486837776,0.4749839018837434,-1.6917049939088633
1.1747897102287945,0.08935121265866482,-0.04408032063169161
-0.5130443322811662,0.2478778865931465,0.8426489601933357
-0.013520932509389894,-0.15498280367488737,-0.36796027306285095
2.11074342811836,0.2843638103698101,-1.2466370418781665
-0.08137800327999144,0.3972271771518479,-0.019304547179929847
0.09449332621515785,-2.0720899461141937,1.2731394005632317
0.571311928422506,1.0247746079670903,2.2675581325650636
0.1522072582388908,0.5233432820346811,1.2374346908553762
0.30372007569043963,0.06000787338293377,1.9624170729863941
-1.7884399266735234,-1.1135367509546557,-0.43648630705296165
0.5665267201227929,0.4597228147548779,0.4802262075842313
0.8609978810289587,-0.8761355506284927,0.08119118440321756
1.5473060291116039,-1.4695568669195156,1.2198643601628976
0.09280555857055946,-0.37624561228690295,0.2548199005195081
-0.29890061204565327,0.10345819609696041,-0.7990439600533407
3.0726085166721067,-0.1589786743865711,0.4324762363462467
0.9936664141901996,-0.7847564639382247,-1.8474370677608065
-0.8621623212569276,-0.3753161580378628,-0.13196779696310093
0.24259561963643808,0.7624761407944386,2.8370811518342323
1.393140554925704,-0.5971380564777636,1.1189791953963268
0.029297769002363857,-0.17796226696866607,-0.4385648706833122
-0.7799900120334924,0.13532417990160742,-1.0403892076366204
-1.4454877229329817,-1.2400982016961009,0.49746911218688494
1.3761781506139863,-0.5785299447646061,0.054547467687452
0.10808890320674794,-0.2613679935249314,0.8573863432825704
-0.018217111278660894,-1.4248933810135804,1.4024905042661093
0.8263858667882217,1.7366061926843739,-0.29391588948243413
0.891757601651516,-1.3748701463586794,-0.17041099750257957
-0.4629667080279611,-1.1738154197982482,-0.3715408943034936
0.11322256820480603,0.38305064355165586,-1.291014494684344
-0.7026592533435377,-1.179768270326562,0.5549016552602879
0.5901147615150244,2.0146660842997592,1.4175431694318483
1.4163778074433298,-0.155446994752859,-0.918661686266906
0.17804579736561132,-1.0301281965040894,-0.15977938171037764
-0.9642634793355828,-1.0637069648175008,0.8312833627511103
2.5032115917090043,1.0561709224432698,0.07551983397528968
1.3376860030334674,1.8559597875725988,-0.3732478790676462
-2.209545348864421,0.474660062922568,-1.5136624601685964
1.3942051430949869,1.4207778545262457,-0.2500423765372229
0.6156169859775593,0.5647916786231862,0.5319333023330522
0.4390121521472545,-1.0911794984044556,-1.1809627800291926
-0.7861030209106052,0.8676844822951191,0.9448160682505425
0.03884210637530034,-0.5712937166031078,-1.0281659047346596
0.5927524177677425,-1.6862285693367522,-0.4168036953039588
0.2591312917523502,-2.0272823737256966,-1.6172659864559125
0.02126929940004791,-1.3215274638089096,0.041960260856977086
-1.5197318408249956,0.5241281425205939,0.3000465670334233
-0.6404583126497682,0.3316640985728215,1.277810972533588
0.8566531407983201,-1.3919726457686237,-0.4961120527962544
-0.48068920081036465,1.630307981870454,1.9543834756436071
-0.0692769713076274,1.141492838755127,-0.1762147651089369
-0.006961458672049901,-0.08621304563931194,0.6566860213491778
0.6836153702743305,-1.6102393923604466,0.6446326048343564
0.39845009826861955,-1.318306789036908,0.3003785225553677
-0.6663297060145442,-2.0590775558809664,-0.2936138354388065
0.3567841432976291,-1.1552885565764075,-1.5389444884614154
-2.57541786291181,0.10480951773157746,0.7138084237432522
0.10955935650545927,-0.4108935218651353,0.1612266178821806
-0.42534135075882545,-1.1881593394453949,-0.22663867818393044
0.09180030751778177,-0.3426980778360816,-1.1426916563397578
-1.7961120215635518,0.03779886658245086,0.32870772468400755
1.3000244411332966,0.06096221769083957,0.8012357921960904
0.9744428239253039,0.9412616343708493,0.9304793394586909
-1.0458572523568417,1.1118663452764868,1.1903570796191794
-0.6600240654186686,-0.6031022164866331,1.438319906702948
-0.27610636371930336,-0.1833116620216989,0.9215996290393023
0.9684233953332056,-0.7777288861730642,0.47337972560581243
-0.6695544608218003,1.8206083425618735,1.0218822532560161
0.9278092234307506,-3.438361087814154,0.24437880977362095
0.5427435630546819,0.9655780193259121,-0.2803707213407442
0.6011046829202941,0.8257714022902316,-0.023255466035408384
0.01505334746748382,0.8203832889698378,0.14253316704653754
-0.1509360734866441,0.31563664875538094,0.2773026123354215
-0.7053228263136468,0.057611300848106915,-0.40966548758407795
-0.006594597334929374,-1.0148752411994582,-0.5095816274218696
-0.26408397836849545,1.5966863711442387,-1.76945370970183
-1.5754856282588598,-1.1008747583054403,-0.2829526407753011
-0.6821583732748906,-2.6218009370142243,-1.0012938119450714
-1.1394736339391955,0.2676713209110017,0.12760620013650154
-1.0087585577240072,0.7851527837604727,-0.8194582889746456
1.1328431146549809,0.22335487241927365,0.4355199583349106
-0.2916336192972181,-0.13411123376187997,-1.890679013369671
-2.1717886794411325,0.10434359437094821,0.1416106619179732
1.6353662582200104,0.2871732345181501,-1.3737149054306448
-0.40448554774098844,-0.49092399563970024,-1.5866870773998216
-1.4515683737680023,-1.5456455610953599,0.32730258324568867
-0.7658517717797958,0.2776517442087316,-0.5401843809942231
1.3126498958572537,1.557178759250516,-0.5541594764337098
-0.24130225959980106,-0.27630324280144025,-1.0677124851706503
-0.5359312779451021,-2.2165738896260954,-0.11163831258783528
0.511548158586312,-0.24580930563235873,-1.090432752197773
0.009444371695075107,-0.602458436443216,-1.0743377061092714
0.8717040859084233,-1.1696785615032554,-2.5291505205823044
2.318924582917994,-0.6262989516736085,0.44679123086246697
-0.35607456126363296,1.000704591743714,-0.5427415169721781
-1.4634049921668895,0.09215410654478906,-1.709984067927397
-0.00531351360721793,-0.3634088127618568,1.5914168506268236
-0.7423248586494803,0.7915035828714826,-0.8752615239393442
-1.1259496295142333,1.2802981577209005,2.8407608954099195
-0.3796352974346498,-0.6412634087541622,1.5714295387781665
-0.25513103106550467,-1.5677416795077388,0.43509971255440444
1.513298150352816,0.5629887341978399,-0.9064526749492632
0.7406247616522709,-1.2294930643501834,1.4511669831334502
-1.2466175253136462,-0.02763766425283556,-0.2450374148603666
0.30690258479986315,0.9442655186140477,-0.9415390599311618
-1.1139264253852015,-0.4836129145069418,-0.05587104997297776
0.28385362956873555,-1.9777613879990625,0.9900891035013664
-1.5613251146927907,0.15732873131816708,-1.122039978437576
-0.6836800865961421,-1.2430893268172856,-1.4911944695707566
1.922358319467794,0.7053194586683434,0.22427358944254117
-1.0603789657960774,2.4776085353623154,-0.4235251541792207
-0.06680389418830204,-0.47603479594468096,-0.2832609536068625
1.9278421720174457,1.3942660885996474,-0.3199768078473436
-2.0624827941383375,1.0079696888372371,0.045607744684524734
1.0790941258870748,-2.3689610449117944,0.17417121210775785
0.027398940628438985,0.6575611886128285,-1.0039484046119744
1.8107219958541372,-1.1706066747030377,1.787340467409107
-0.9267643844110159,-0.9042955713889181,1.2010055663286734
-1.0015799620763548,2.3829310153015424,-1.3530027998427563
0.651517456915176,0.5925500527005693,-0.0393887014047782
0.4648153340023966,1.908404208260232,-2.3015125219342205
1.0372578374154275,-0.5683254659585631,0.7769123428337371
-1.2237316237881182,0.08392437817486434,1.1899417612989789
-1.1501150226572459,0.05694031006470808,0.8675967349976933
-1.3762643338110985,-1.8414468182382544,-1.796303339804223
-0.52063032385326,-0.05544324180725087,-0.37437337122060294
-1.8505692005478653,-0.18140079019325178,-0.8484759852615522
-0.2973420608593913,-1.3007367073511804,0.43531643288507077
0.5137075762556629,0.04715770035629718,-0.1474195220677828
-1.3371255061917349,0.9094879821574043,0.5093771019392684
1.2470489791269344,-0.896738871101949,0.6584477622079817
-0.7033544849833601,-0.6999581892472576,-1.087589292695205
-0.6935060829668372,-2.269520539478754,0.443657855772096
-0.9930847344016145,0.5708436559873405,1.5170025920864119
2.2854981615842247,0.6076468515530121,0.16928747641040603
0.13939279574653252,-1.0905804915730535,0.452378595276792
0.3598430872742845,0.1696253537965334,1.0941491223324495
0.1646694634961936,-1.0961810926614015,0.39315702775849604
0.635674777309424,-1.1143607899654493,-1.5293613608094703
-0.4416173855676891,0.7565371511559567,1.5385402069510055
-0.5309661384537713,-1.9477291218880874,-0.6678485797392021
0.8067077653319498,-1.1183266092450745,0.5112710579761309
0.0919493454917053,-0.8351250160854965,1.1762057474140908
1.1086942020691217,-4.431819003414463,-1.534472574529762
0.04885605871398736,0.126801187735037,0.17334870125363464
-1.4647833687704526,1.4598932109270262,-0.8923410512395834
0.580905191674689,-0.015554016703987957,-1.5527824292468462
0.006777092956090582,-0.8064107975217367,0.5838003905495718
-0.8804528032608143,-1.4878157058535497,-0.14345953596781624
-1.0835246303030384,-0.01116378091310927,-0.19045100545394597
0.10623373859647245,-1.3045229301075467,0.4859871381932599
-0.05141958815013186,1.1849240567856387,-0.7457913206921801
0.24240683518730066,0.5171366552956469,-1.6229420564652157
0.11752584917426384,0.49261135384289084,0.9882529872555035
-1.5097900281075471,-0.7820082267498287,0.6067866875481014
-0.09508030920483289,0.8230696064441472,1.1539079342484746
1.0530517954487817,0.6218260010335157,-1.530359353683259
0.5510907391043438,1.4171823171197893,-0.013654801878060834
1.3401963353586066,0.3246485400580412,-0.5005272858929768
-0.2703350915058695,1.4704892559672629,-0.2707826922105483
1.2979160360709523,-0.6372039236008185,0.4125679815431188
-0.48501594775840606,-0.0682795503926968,-0.8527706681929528
-0.3007577129461655,0.0338836424881539,-0.6051930088890739
-1.2328357111447674,-0.1873782738428648,0.5611053126897385
0.588132581484415,1.4066351504067451,-0.36866331199171726
-0.40205286476401875,-0.10722119347215091,0.7021604232436588
0.6554599189463828,0.32683027458932057,-0.1255557353265855
-1.1123328563895591,-1.0623295474119399,0.9388799063584796
-0.831868993288868,-2.2282351195266346,-1.1692142163529626
-0.42372431325434057,-2.1141557913979656,-0.8124487254807155
-2.286672069878758,1.33488304383109,-0.30252518552916546
0.9405021827981991,-1.445835010282531,0.01923040158766992
-2.0472306734432753,-0.9661977687483629,0.2856652724264673
0.5156012259965037,0.11376589935399094,-0.6500518318446055
-1.1018939599217257,-0.7128420479307169,-1.2107096663893808
0.5247203741946534,-0.30452036667116306,0.9288769306902785
-0.08789459602535452,-0.9920115493142113,-0.7736946216384903
0.32585840860992926,0.6497727080318718,0.6984518196215972
1.7685518615664397,0.8031137985337028,-0.07329499866524507
0.4196374399508706,-0.6253527329922217,0.3301282748586208
0.13581272305336747,0.21743370794457414,1.3229857392641278
-0.015482992243827877,1.0537541432102102,0.0691095615131976
1.020211952926225,-1.5634665061767588,0.1621842240482128
-1.2262876875286028,-0.8736492107708456,0.979929181250532
1.8268446330762167,-0.4657905618762906,-0.10947501575661
2.1187722200522043,-0.5498067835818968,-0.3310643191156437
-0.30785093911656275,0.5751470163263943,-1.1032181174948976
1.8265963583897729,0.7729334048724786,0.7214337407665722
-2.3095500353935656,0.3670076747006344,0.023019279915274915
0.994453155343014,-1.0155564656944025,-0.8519320729293497
0.9877516766136111,0.10444528148065906,1.5535909022328005
-2.1701567499851757,0.05359310428444505,-0.8896688566993272
-1.4389775074330937,-0.14842102523599465,0.28643722173936914
-0.7836041017336146,0.6368060533075525,0.21922580124952787
-0.08449940269470231,-0.8549628724328675,-0.291744920377355
-1.9405039391270593,1.0528568660380129,-1.222395466778249
-0.21885404902775796,1.939054335131492,1.7144276614366305
0.5673686170216252,0.4340451535775753,-0.5345980808321481
0.37659876037765666,-0.11095537959006722,-0.5222127846318434
1.0515984557350706,0.19468205690468385,-2.0884394885929183
-1.3185330621029616,1.4677272570191255,1.8607704609537765
-1.46722761675201,0.8999567454280137,-2.138918409161468
-1.0167965352853081,0.9313318822467277,-0.1380885348979037
-1.884134843338506,-0.8577138664668376,0.1976793745830987
-1.1482664662883382,-0.5636752921469725,-0.1383307282549002
0.4369004304187995,-1.206371181989558,0.35869178532241297
1.946221498382086,-0.14188601652373786,1.7759621905633431
-0.325601284494794,-2.1684347051219945,0.28376689571433816
-1.148929102470424,-0.42715446205577795,1.840653710428222
-0.3185442765411461,-0.33320102366902016,-2.0457723026191954
0.14353069582873035,-0.4715443619542584,-0.15814500793418207
-1.3139450239451569,-1.1608407308439093,1.0801485567112854
0.009110692068955414,0.13953013439813886,-0.599798565546034
-1.716186010569645,0.8592898777013717,-1.2641888854046543
0.01799771515190487,1.0793675956335178,-0.18811281084203235
-0.4315463484768524,1.3221439202882082,0.5634778736785371
0.6656679599556681,0.6391117516528023,0.15408396821996498
0.6061258192154015,-0.7104847212193062,-1.1094340263479396
-0.966354134689925,1.927607123370149,-0.6991439561563896
0.029869808696671357,1.1163759585395183,1.042410519483581
0.15536011765106772,-0.9601100039780259,-0.40410018926800945
-0.948301052144334,-0.3574023233859404,-0.5026399213187703
-0.8186809678428605,0.2916982462126712,-1.3798637365995423
-0.05859251162560962,0.2319673887423714,-0.08906731706201683
2.0091724732631593,0.5329946358494194,0.5807310878416458
-0.9121004207562026,1.6480827704776624,1.4094473886809125
-0.7437552054884086,1.6104666498571585,0.38148804392322994
-1.3938021022260303,2.0539270746660776,0.7257162785140189
1.2258115965127208,-0.7594651865164911,0.03271621774926196
0.42612507035359287,-0.48242111375897617,0.5166726788956044
-1.356283820167859,0.21242231730342337,-0.37039300306916945
0.34689410136590676,0.11039583598373923,-0.44866974124921305
1.4874527109398061,-0.21791236826567673,1.6030286379583352
-1.1829718415825643,0.10315026173124212,-0.5132865860687831
1.032977334561476,-0.6335792389156296,-0.3416039847516686
-0.7086925165282619,0.710732268497982,0.7489636441028633
0.4212256637644606,2.1535436061479927,1.6146660852449002
-0.11840275885894323,0.8625747976306272,1.5023410715909693
-0.5872862686115211,-0.795695619376785,0.30884651848849154
-1.1813260849849012,0.6602579616536152,0.05421739630586934
-0.13529647758448018,-0.14066531457620665,1.0494492142609653
-0.7796247826342224,0.9562554709422367,-0.19634329570218023
0.07022544772819529,-0.9908314393239109,1.183461097074434
-0.4410587030995349,-1.5541574973002785,1.5401743752363384
-0.677385632871999,1.2423599037355444,-0.28899951266296003
0.3839987255032809,-0.1683717597187289,-0.28305866462304174
1.7871183648099138,0.9468313907299746,2.307190102393119
0.24125716408088477,0.5248098475239737,0.4128030929414294
1.0358730783935752,0.08111841432864023,0.40234161215506853
-0.4316435746794799,-0.20981734667188284,0.7139138171248779
0.988675962591325,0.037364302648411084,-0.12909342368003895
-0.8560715367387057,1.16103847022212,-0.05373347625050831
1.0604697194633503,-0.21227818506455204,-1.4979574335403076
-0.28055557973967943,0.5793351205203764,-0.36149960853015933
0.18776116542475155,-1.7101191052878462,2.503897517930892
-1.2220827251000532,0.5237965912105527,-0.5452317743538684
0.8092609490409789,-0.43342068386836247,-0.24817557345264152
0.9572464149251501,-1.0141217015767614,0.8593098664951367
-1.2123628551750107,-0.08530341867954172,-0.676923800242216
-0.13451499688128024,-0.40323255495660265,0.4603486372301535
-1.7863530823632623,1.463841111623544,-0.662947285509491
-0.8955778594278805,1.0559431098894922,-0.30842327882317416
0.7346965265496653,0.7180783888244463,1.4162656126625286
0.4417173398280787,-1.3581362229728553,0.41498669056717036
-1.3714520767991132,1.3535911993154786,-1.206747979889298
0.26375840506405185,1.2591493112674987,0.8807944126259609
0.8298775390551719,-0.0800823966058213,0.6851710888134326
0.006290169528761077,-0.1761152829828761,0.2428852897632861
0.35070958769757027,-0.4247300839713885,0.5333989071347518
-0.10284899325250291,1.0477904180971709,-1.74722031358689
-0.2096615836833072,0.605250356689031,-0.36025827302679225
0.9210997936394892,-1.5932988465622206,0.2766017483061204
0.5942017106648632,-0.9081394137040377,-0.334559599078562
1.037393983233298,0.49375158317884504,0.5683571864556605
1.6501619353080954,-0.1872211294656386,-0.02768796240317359
-0.5701221754432249,-0.765775550014373,1.37522639799662
-0.25702930567831517,-0.27127695015107445,2.3256145899506375
1.0209225704677394,-0.05563969323123803,0.8009107668489172
1.2627988015572469,0.7402636505824971,3.0015532229269093
-1.2675014727797993,0.09125397855036665,1.2786031275640914
0.6598623239801449,-0.21043483017992537,0.5558180536231249
-0.060019503991402656,1.4565046728387696,-1.7929102182868275
0.3227310695440274,-0.10986811284832453,0.3653871871867086
-0.8945384834631012,-0.06071777434967941,-1.209547859473352
0.9227172666684755,1.1712035177149933,-0.848541048880658
-0.76737347081295,-0.17029013053509762,0.20044864726465658
-0.7677801152138783,-0.7034455204029854,0.613471449877648
0.9405743199231973,0.6352759020399253,-0.5321174466511075
0.01354397223707091,-1.5493365443453588,-0.1312733903113522
-0.5498503739846772,0.3203421714189758,-1.4630216314977627
1.2703133311580703,-0.2708391874511795,1.3738138183537063
-1.3483200986376025,0.9557352780627936,1.426041956989079
0.5944536565250562,1.2793056337541218,0.9453803415489906
-1.2847481637925198,0.35897946842060535,0.38859170669703524
0.8857898110650375,0.22822187131502375,-0.4191456628333287
-0.3785628916556839,0.6385697197913076,-0.12952048050241455
-1.7678941341421714,-0.4349305289940343,1.296581317120388
-0.5773661918257934,-0.03473824048861495,1.7301132875805139
0.8686482551975532,-0.8279449443838853,-1.2619854046542995
-0.9695361658923884,0.23176767086866834,-0.9864963942578183
-0.9684066301653066,0.38638319388592024,0.40043138414807333
-1.8540261563003593,-2.4360343219084157,0.1385567956575973
1.6625918792376293,1.7433651460731314,0.5050718044094469
0.8518794086183522,0.13875263663046628,-0.6766265297314052
1.285034112383524,0.21042572916056168,-1.0245296961993604
0.18706828921301188,0.5874407247538197,-1.5647007706086238
0.010135204693152723,-0.32019833533203323,1.1469603670294695
0.956661223672565,-0.2974922566177469,-1.81277030535825
-0.7770781173333727,2.170627920891133,0.8345875723112184
0.410873307228169,1.2849735405080696,1.2627670755663882
-0.2369868185512823,-3.0432334858920016,-1.3591976925478064
0.07929050804662455,-1.7972282384188032,-0.7904301331524549
1.0507390294574144,-0.7773865582431522,0.0676121460063771
-1.0209493141139885,-0.11743313860409262,-1.4822830909131157
0.5245870635894891,0.36622431209173584,-0.08228618529786502
0.1512324101610041,-0.8310970376373874,-3.30280087234332
-1.2323740952810631,1.075264650179956,-1.5457693324631976
-1.3659017218045013,-0.8737780675433143,0.6874382446922973
-0.9343513428262811,0.8582527391915625,0.7430521015020133
0.7977498366444024,-0.8188998825137495,0.6387533486704096
-0.03006837380995628,-0.28677762153069397,-0.023965073534816406
-1.09840751459208,-0.038728401901951176,-0.33694205606505073
0.3906624248821691,-0.45291104345240424,-0.7206626922739215
-0.11857269369137093,0.0344656764730578,-0.6796966384149421
-0.340649781633787,0.7488226889666969,-1.0483554405981024
0.41728352373421995,1.4847072094284843,-0.9613418885729431
1.308741010883724,0.11087303441268385,-0.026792391538734577
0.37923629007227394,0.11057207204613104,0.8347125614817466
-0.5717247476499705,1.4747896590959928,1.1819762115314458
1.1406356830097977,-0.2514784759570595,0.11481848151019329
-1.5574853169331764,-0.5220715797279052,0.42728068053535634
0.08788152497362971,-0.07247139694391966,1.567861282810574
0.6004456389254017,1.2370905533986176,0.8353201357638452
0.061459503293808615,-0.8931754167756332,0.1059374481390104
-0.4165065310739828,0.598679280870338,-0.2811808344791418
-0.13814340637650008,0.28669484100076253,1.079826950021529
-0.5223115172427557,-0.10775609787582782,0.15242492878908634
-1.2260792739595812,0.25651364615111844,-0.480805894003909
0.948635563576246,0.7087471330525664,-0.3091111835487329
0.41719536311717015,-0.30082229940594535,0.5025270657930937
0.5921810773489395,0.22338193551907728,1.242294374756956
0.27622216875269134,-0.2926619999501707,0.13511997105452206
0.47186402690768686,-0.49716402005121757,-0.9212495470038078
-0.7707157626036572,-0.4436518057402272,-0.5061371717653929
-0.7556721451195743,-0.29293712536267946,0.5121965269964077
-0.22593192182510002,-0.41914424640777287,-2.5064819796226185
0.8245167080874328,-1.509296319855017,0.6013754180734366
1.0032031909967078,-0.6476032899860498,0.05617438417130034
1.4243879846208731,-0.6312074928284175,-1.9797671252888183
0.9972562530905693,0.1504106818333011,-0.8512971119916483
0.868110998750297,0.8691586944261681,1.1372041996491056
0.3948335241903835,-0.9725090265717065,0.25237992985319374
-0.2641330042663146,-2.2786766648025516,0.19542892574312676
0.7403759966571176,-0.7035929124564004,-0.018963440957637287
-1.01953335740139,-1.119639445425344,0.08309290531794747
0.12064953800824528,-1.1765701850499797,-1.0180910627457942
-0.5100596385321094,1.1630482040936825,-0.9103725168768904
0.26864596192833795,-1.0880876566939799,-1.2779188954413419
-0.13010110194252045,-0.4225339578338783,1.2421782527234946
1.208965795589789,1.1827646965710918,-0.7826757392307023
-0.14872809039487853,-1.3506133429275982,-0.4076898302301183
1.636967989526012,-1.1688568755596593,1.3129755982243112
-1.0117710827991127,-0.4583599881610534,0.19570005757088182
-0.5043180480949546,0.8156250429866783,-0.07250355959379506
1.2107345539201912,0.1142799987921305,-0.2878344157950497
0.9139359330501321,0.45394245320997423,-1.8895201920130493
-0.11620623484471633,-0.5182183240297822,-0.045557105432410934
0.41935463759890607,-1.7036461130478953,0.1792763182945397
0.789917697806318,-0.4372534387924866,0.47123701291641185
-0.15216716499982394,-0.8836147792242406,-1.5056216921677237
0.7008006901012921,-0.4571541001601502,1.2049188618783389
-1.584654787568205,0.5193091037384525,0.884697029447964
1.114343404341755,-0.4906692018760581,1.2645083634149417
-1.5804980364170296,-0.5612058858710849,2.399414580503704
-0.5526895561131974,-1.1243354761814788,-0.1700440956703271
1.0111503543355427,1.8260354124668163,1.2049890689924772
-0.26373367557896216,-0.8490397015132253,1.8568699515300706
-0.5092290176044177,-0.01040337787503915,-0.8635821422920614
1.1201819660894907,-0.701191137343074,-0.6348507865968056
-1.3208687087458668,0.2791069614643703,1.0743309226505522
-0.15941535432484996,-1.1526670311201914,-0.5207149277987452
-0.7572160294072476,1.2688470788208066,-0.11208204552499595
-0.7910021996805718,-0.9480673057549044,0.12090295028679206
1.1829014829850462,-0.47878024028714244,0.2641141457799798
-1.3358495720100105,-0.28689217131403216,-0.7358131723979935
-0.41432718734173163,-2.5481788653643167,-0.6445598527871758
-0.015202126581401304,-0.8796354576041523,0.11032913635369729
-0.697719647178929,-1.181075485577077,0.35208905244198385
0.6645092378910921,-0.43704661080686497,0.4251434999237371
-1.7571796430712288,-1.612188516653332,-0.3085467931587151
-0.20176026240402925,-1.2329958020081382,0.5008363713112278
0.509705119346625,-1.5142968827874081,-0.2105801869285045
-2.0606011444275056,-0.14587105695816138,0.32310941814557176
-0.49380406235122803,0.8191674716131411,0.024824047189422854
-1.7343738682345076,0.6002394503302203,-0.910933657294494
-0.24152332747673871,0.6375475057922809,0.6339785917552951
-0.38574032552674903,-0.1030756321007437,0.8992206193233936
0.351619411520466,0.3555460305783791,-0.15273568300677332
1.2424033637965077,-0.4523461258088254,-0.08505228327282628
-0.9033441605375371,0.6004099696897732,0.9756403544077197
0.18125354342112668,-0.41522915648631514,1.0192056243783576
1.7636498315817113,0.40628528940955033,1.1339020085074567
-0.05072005166398864,-0.25105813118606135,-0.9629541486780392
0.21035757177391048,0.5367027765370801,1.6990295949561214
-0.11462243683504336,1.4939599272019237,0.5154396147120508
1.960315253030658,1.6354371686661828,-0.5795517964527048
1.2056256190653776,0.7225915679302002,1.4030282712371365
0.6784015227976972,0.2910047338582082,1.3785858348492024
-0.16823522076070116,0.4477644306505168,-0.4455871374395511
0.8117454650781865,0.3679404029857255,1.9189136859950258
